{"Name": "at-spi2-atk-2.22.0-2.amzn2.0.2.x86_64", "URL": "http://amazonlinux.us-east-1.amazonaws.com/blobstore/34bd177d5bc2c3c3f13bf7dde19c51c0774acb4842c9563f8f2da59473ab8758/at-spi2-atk-2.22.0-2.amzn2.0.2.x86_64.rpm\n"}
{"Name": "mythes-1.2.3-7.amzn2.0.2.x86_64", "URL": "http://amazonlinux.us-east-1.amazonaws.com/blobstore/0c7b64d920657ae3cb4da5316e8df9e0f4e0b18bf39f09f09c560702e6a4dc07/mythes-1.2.3-7.amzn2.0.2.x86_64.rpm\n"}
{"Name": "perl-Getopt-Long-2.40-3.amzn2.noarch", "URL": "http://amazonlinux.us-east-1.amazonaws.com/blobstore/9bcb4e6201e3bf6e6185faa1ee912fbce2b5b8e8688d68639a5616cc211b8200/perl-Getopt-Long-2.40-3.amzn2.noarch.rpm\n"}
{"Name": "mesa-libgbm-17.2.3-8.20171019.amzn2.0.4.i686", "URL": "http://amazonlinux.us-east-1.amazonaws.com/blobstore/fe64d2ca588e3690a4f36014a56cd77ad4ece3e7d33bde02492bcaa884a5f85b/mesa-libgbm-17.2.3-8.20171019.amzn2.0.4.i686.rpm\n"}